{"cameraMode":{"drawMode":0,"name":"Shaded","section":"Shading Mode"},"sceneLighting":false,"audioPlay":false,"sceneViewState":{"m_AlwaysRefresh":false,"showFog":true,"showSkybox":false,"showFlares":true,"showImageEffects":true,"showParticleSystems":true,"showVisualEffectGraphs":true,"m_FxEnabled":true},"in2DMode":false,"pivot":{"x":-6.749996185302734,"y":1.4668633937835694,"z":-0.15204429626464845},"rotation":{"x":-0.23217184841632844,"y":-0.0037941941991448404,"z":0.000912629475351423,"w":-0.9726780652999878},"size":1.2587895393371583,"orthographic":false}