{"cameraMode":{"drawMode":0,"name":"Shaded","section":"Shading Mode"},"sceneLighting":true,"audioPlay":false,"sceneViewState":{"m_AlwaysRefresh":false,"showFog":true,"showSkybox":true,"showFlares":true,"showImageEffects":true,"showParticleSystems":true,"showVisualEffectGraphs":true,"m_FxEnabled":true},"in2DMode":false,"pivot":{"x":-12.760570526123047,"y":22.13018035888672,"z":-20.086204528808595},"rotation":{"x":-0.15259352326393128,"y":0.03912539780139923,"z":-0.0060347020626068119,"w":-0.9875187277793884},"size":16.060497283935548,"orthographic":false}